GWP,Methane
276.2119335,83.82
332.3327285,83.82
324.4293264,83.82
353.487385,83.82
302.0861121,83.82
342.5857386,83.82
321.5993877,83.82
244.7811156,83.82
255.7718138,83.82
248.7480952,83.82
275.5100628,83.82
286.0789179,83.82
275.6737971,83.82
320.6844148,83.82
302.2928651,83.82
321.1909475,83.82
340.516665,83.82
290.606305,83.82
356.6764047,83.82
376.805693,83.82
289.7650794,83.82
314.5317779,83.82
339.6473584,83.82
356.103279,83.82
277.7899213,83.82
376.3927429,83.82
282.8439268,83.82
250.3496142,83.82
332.2705409,83.82
394.679674,83.82
349.4692413,83.82
308.9001101,83.82
252.6671834,83.82
233.5902961,83.82
278.2344285,83.82
364.6990528,83.82
362.2446403,83.82
336.7257182,83.82
271.6878707,83.82
225.1300898,83.82
330.9771833,83.82
342.1795796,83.82
340.1342117,83.82
340.6912886,83.82
333.8255694,83.82
295.0222346,83.82
325.9339407,83.82
287.690183,83.82
280.3885416,83.82
396.7492731,83.82
291.8889042,83.82
365.9562608,83.82
283.1114559,83.82
266.2469771,83.82
294.3392747,83.82
268.7443672,83.82
311.6125088,83.82
338.261639,83.82
386.2745715,83.82
239.0875316,83.82
350.5194123,83.82
359.3899014,83.82
306.6202919,83.82
298.2600376,83.82
300.0396193,83.82
222.8524812,83.82
196.3558874,83.82
274.6243658,83.82
295.9827989,83.82
310.3068739,83.82
318.4782693,83.82
315.2593206,83.82
373.2132487,83.82
349.9573092,83.82
389.1303083,83.82
349.3237148,83.82
328.4365083,83.82
284.0818262,83.82
307.4934695,83.82
398.9709954,83.82
387.2789483,83.82
360.4201769,83.82
354.9640676,83.82
331.9538887,83.82
295.2545246,83.82
331.2977712,83.82
255.1549271,83.82
329.6294227,83.82
315.5146083,83.82
356.3865109,83.82
240.0209039,83.82
268.3178518,83.82
295.7356314,83.82
389.888793,83.82
350.6549527,83.82
331.363443,83.82
362.2428873,83.82
386.1186886,83.82
406.5419068,83.82
312.669678,83.82
278.0917935,83.82
278.0514997,83.82
311.9259222,83.82
369.82751,83.82
329.4140723,83.82
246.6761188,83.82
339.9330106,83.82
384.9332349,83.82
343.9772942,83.82
414.5910765,83.82
366.0379716,83.82
308.0155347,83.82
386.5742621,83.82
288.303993,83.82
347.3567621,83.82
266.772626,83.82
296.0520453,83.82
312.6724066,83.82
314.5460722,83.82
330.1620269,83.82
256.1795086,83.82
281.7106607,83.82
336.811351,83.82
320.1580754,83.82
318.8130419,83.82
350.6654716,83.82
259.7413262,83.82
278.2673036,83.82
345.7548146,83.82
333.0270553,83.82
283.6291721,83.82
353.4262281,83.82
273.1705686,83.82
317.2748626,83.82
287.980809,83.82
353.1317011,83.82
379.6394948,83.82
331.73294,83.82
336.9611317,83.82
331.7388129,83.82
326.8565685,83.82
335.1280242,83.82
277.7841623,83.82
282.5944061,83.82
319.2590653,83.82
382.1747366,83.82
354.9589706,83.82
351.6848431,83.82
385.8200256,83.82
359.135091,83.82
359.1149974,83.82
365.2503529,83.82
373.3805331,83.82
381.7378959,83.82
364.73309,83.82
371.2626674,83.82
350.9258182,83.82
351.5839897,83.82
349.0858822,83.82
321.003925,83.82
373.6758852,83.82
328.6751644,83.82
345.3768061,83.82
331.3180817,83.82
335.3888215,83.82
343.0673181,83.82
321.2641636,83.82
296.6436224,83.82
322.4688903,83.82
310.9390549,83.82
338.4105099,83.82
278.5903606,83.82
309.60209,83.82
367.8856776,83.82
398.2393905,83.82
368.6202344,83.82
309.0464463,83.82
278.9599604,83.82
260.6906295,83.82
273.1461667,83.82
302.034521,83.82
335.1803857,83.82
355.2416381,83.82
385.1124126,83.82
394.9685163,83.82
387.0296542,83.82
399.0090631,83.82
397.4762967,83.82
354.6121882,83.82
322.9033385,83.82
341.0513596,83.82
358.1252068,83.82
355.1490756,83.82
344.4099603,83.82
327.9844763,83.82
338.4807185,83.82
370.4582983,83.82
361.8384398,83.82
347.3542391,83.82
364.3519596,83.82
376.2621398,83.82
388.8647284,83.82
404.3848757,83.82
396.5712145,83.82
378.659701,83.82
347.1687262,83.82
371.1486806,83.82
397.2313331,83.82
389.0233456,83.82
348.3719075,83.82
338.3813248,83.82
397.0122647,83.82
413.6724081,83.82
405.0102206,83.82
408.6612925,83.82
371.5324642,83.82
356.1457612,83.82
336.310105,83.82
329.6245283,83.82
340.4939045,83.82
324.7044621,83.82
340.3941669,83.82
356.0233282,83.82
349.4871766,83.82
346.8040302,83.82
374.7564715,83.82
420.5879367,83.82
411.4710553,83.82
422.9393375,83.82
440.7956192,83.82
405.8635042,83.82
380.4624665,83.82
395.9920524,83.82
377.815232,83.82
375.2621153,83.82
391.2306053,83.82
416.5159227,83.82
414.0622098,83.82
401.4157606,83.82
367.6544953,83.82
390.3376976,83.82
378.9625134,83.82
372.7705144,83.82
383.9665631,83.82
415.4569657,83.82
415.8113552,83.82
423.0812845,83.82
410.6943514,83.82
376.0189542,83.82
339.1121012,83.82
308.3719172,83.82
297.3617428,83.82
368.7003303,83.82
420.0648216,83.82
421.6371752,83.82
432.0762729,83.82
423.5130604,83.82
447.5374417,83.82
436.5668423,83.82
429.4250889,83.82
407.187574,83.82
381.4241641,83.82
345.9850417,83.82
359.6903299,83.82
395.9839226,83.82
411.501556,83.82
400.3848858,83.82
335.6262396,83.82
280.8121736,83.82
294.4231434,83.82
284.6310503,83.82
367.3946401,83.82
343.0443315,83.82
351.5284753,83.82
312.8827593,83.82
295.8417466,83.82
362.9877259,83.82
326.3526748,83.82
368.9968682,83.82
369.2950908,83.82
350.9810065,83.82
361.5116515,83.82
373.037522,83.82
332.2085492,83.82
358.4972887,83.82
366.0329988,83.82
321.7104166,83.82
319.2237607,83.82
335.2256981,83.82
281.0717288,83.82
323.474447,83.82
414.3147704,83.82
353.7491558,83.82
321.7790594,83.82
315.8101352,83.82
339.468464,83.82
368.0940651,83.82
287.265282,83.82
352.9111856,83.82
445.9329211,83.82
389.0871921,83.82
336.1511129,83.82
422.7238095,83.82
357.2421735,83.82
360.1992281,83.82
345.4384547,83.82
290.712005,83.82
287.2274919,83.82
377.7267841,83.82
388.2199306,83.82
285.9611281,83.82
275.6481694,83.82
287.4836673,83.82
364.3571788,83.82
402.3623202,83.82
361.2813823,83.82
382.0179024,83.82
300.6818093,83.82
335.7091814,83.82
330.834817,83.82
340.0087502,83.82
252.4660603,83.82
248.8935885,83.82
320.8406398,83.82
366.9205479,83.82
355.1659872,83.82
303.8428378,83.82
226.0459862,83.82
349.6208497,83.82
302.5342039,83.82
282.3988268,83.82
375.4620723,83.82
308.7717139,83.82
337.4770146,83.82
293.2418604,83.82
287.0317805,83.82
329.567368,83.82
413.5097113,83.82
423.0739979,83.82
366.0834278,83.82
424.2167254,83.82
395.0828636,83.82
331.193421,83.82
277.2958581,83.82
353.7281254,83.82
362.9015839,83.82
301.7480088,83.82
358.0403035,83.82
336.0154104,83.82
406.1562445,83.82
370.325691,83.82
285.987071,83.82
352.5997,83.82
361.5686477,83.82
364.5386724,83.82
232.0508057,83.82
242.1537346,83.82
315.4232691,83.82
359.1771353,83.82
242.843837,83.82
277.364459,83.82
279.6030253,83.82
218.8120388,83.82
241.8220926,83.82
297.6791807,83.82
315.4823121,87.6
315.4823121,87.6
315.4823121,87.6
315.4823121,87.6
315.4823121,87.6
315.4823121,87.6
315.4823121,87.6
315.4823121,87.6
315.4823121,87.6
315.4823121,87.6
315.4823121,87.6
315.4823121,87.6
315.4823121,87.6
315.4823121,87.6
315.4823121,87.6
315.4823121,87.6
315.4823121,87.6
315.4823121,87.6
315.4823121,87.6
315.4823121,87.6
315.4823121,87.6
315.4823121,87.6
315.4823121,87.6
315.4823121,87.6
315.4823121,87.6
315.4823121,87.6
315.4823121,87.6
315.4823121,87.6
315.4823121,87.6
315.4823121,87.6
315.4823121,87.6
315.4823121,87.6
315.4823121,87.6
315.4823121,87.6
315.4823121,87.6
315.4823121,87.6
315.4823121,87.6
315.4823121,87.6
315.4823121,87.6
315.4823121,87.6
315.4823121,87.6
315.4823121,87.6
315.4823121,87.6
315.4823121,87.6
315.4823121,87.6
315.4823121,87.6
315.4823121,87.6
315.4823121,87.6
315.4823121,87.6
315.4823121,87.6
315.4823121,87.6
315.4823121,87.6
315.4823121,87.6
315.4823121,87.6
315.4823121,87.6
315.4823121,87.6
315.4823121,87.6
315.4823121,87.6
315.4823121,87.6
315.4823121,87.6
315.4823121,87.6
315.4823121,87.6
315.4823121,87.6
315.4823121,87.6
315.4823121,87.6
315.4823121,87.6
315.4823121,87.6
315.4823121,87.6
315.4823121,87.6
315.4823121,87.6
315.4823121,87.6
315.4823121,87.6
315.4823121,87.6
315.4823121,87.6
315.4823121,87.6
315.4823121,87.6
315.4823121,87.6
315.4823121,87.6
315.4823121,87.6
315.4823121,87.6
315.4823121,87.6
315.4823121,87.6
315.4823121,87.6
315.4823121,87.6
315.4823121,87.6
315.4823121,87.6
315.4823121,87.6
315.4823121,87.6
315.4823121,87.6
315.4823121,87.6
315.4823121,87.6
315.4823121,87.6
315.4823121,87.6
315.4823121,87.6
315.4823121,87.6
315.4823121,87.6
315.4823121,87.6
315.4823121,87.6
315.4823121,87.6
315.4823121,87.6
315.4823121,87.6
315.4823121,87.6
315.4823121,87.6
315.4823121,87.6
315.4823121,87.6
315.4823121,87.6
315.4823121,87.6
315.4823121,87.6
315.4823121,87.6
315.4823121,87.6
315.4823121,87.6
315.4823121,87.6
315.4823121,87.6
315.4823121,87.6
315.4823121,87.6
315.4823121,87.6
315.4823121,87.6
315.4823121,87.6
315.4823121,87.6
315.4823121,87.6
315.4823121,87.6
315.4823121,87.6
315.4823121,87.6
315.4823121,87.6
315.4823121,87.6
315.4823121,87.6
315.4823121,87.6
315.4823121,87.6
315.4823121,87.6
315.4823121,87.6
315.4823121,87.6
315.4823121,87.6
315.4823121,87.6
315.4823121,87.6
315.4823121,87.6
315.4823121,87.6
315.4823121,87.6
315.4823121,87.6
315.4823121,87.6
315.4823121,87.6
315.4823121,87.6
315.4823121,87.6
315.4823121,87.6
315.4823121,87.6
315.4823121,87.6
315.4823121,87.6
315.4823121,87.6
315.4823121,87.6
315.4823121,87.6
315.4823121,87.6
315.4823121,87.6
315.4823121,87.6
315.4823121,87.6
315.4823121,87.6
315.4823121,87.6
315.4823121,87.6
315.4823121,87.6
315.4823121,87.6
315.4823121,87.6
315.4823121,87.6
315.4823121,87.6
315.4823121,87.6
315.4823121,87.6
315.4823121,87.6
315.4823121,87.6
315.4823121,87.6
315.4823121,87.6
315.4823121,87.6
315.4823121,87.6
315.4823121,87.6
315.4823121,87.6
315.4823121,87.6
315.4823121,87.6
315.4823121,87.6
315.4823121,87.6
315.4823121,87.6
315.4823121,87.6
315.4823121,87.6
315.4823121,87.6
315.4823121,87.6
315.4823121,87.6
315.4823121,87.6
315.4823121,87.6
315.4823121,87.6
315.4823121,87.6
315.4823121,87.6
315.4823121,87.6
315.4823121,87.6
315.4823121,87.6
315.4823121,87.6
315.4823121,87.6
315.4823121,87.6
315.4823121,87.6
315.4823121,87.6
315.4823121,87.6
315.4823121,87.6
315.4823121,87.6
315.4823121,87.6
315.4823121,87.6
315.4823121,87.6
315.4823121,87.6
315.4823121,87.6
315.4823121,87.6
315.4823121,87.6
315.4823121,87.6
315.4823121,87.6
315.4823121,87.6
315.4823121,87.6
315.4823121,87.6
315.4823121,87.6
315.4823121,87.6
315.4823121,87.6
315.4823121,87.6
315.4823121,87.6
315.4823121,87.6
315.4823121,87.6
315.4823121,87.6
315.4823121,87.6
315.4823121,87.6
315.4823121,87.6
315.4823121,87.6
315.4823121,87.6
315.4823121,87.6
315.4823121,87.6
315.4823121,87.6
315.4823121,87.6
315.4823121,87.6
315.4823121,87.6
315.4823121,87.6
315.4823121,87.6
315.4823121,87.6
315.4823121,87.6
315.4823121,87.6
315.4823121,87.6
315.4823121,87.6
315.4823121,87.6
315.4823121,87.6
315.4823121,87.6
315.4823121,87.6
315.4823121,87.6
315.4823121,87.6
315.4823121,87.6
315.4823121,87.6
315.4823121,87.6
315.4823121,87.6
315.4823121,87.6
315.4823121,87.6
315.4823121,87.6
315.4823121,87.6
315.4823121,87.6
315.4823121,87.6
315.4823121,87.6
315.4823121,87.6
315.4823121,87.6
315.4823121,87.6
315.4823121,87.6
315.4823121,87.6
315.4823121,87.6
315.4823121,87.6
315.4823121,87.6
315.4823121,87.6
315.4823121,87.6
315.4823121,87.6
315.4823121,87.6
315.4823121,87.6
315.4823121,87.6
315.4823121,87.6
315.4823121,87.6
315.4823121,87.6
315.4823121,87.6
315.4823121,87.6
315.4823121,87.6
315.4823121,87.6
315.4823121,87.6
315.4823121,87.6
315.4823121,87.6
315.4823121,87.6
315.4823121,87.6
315.4823121,87.6
315.4823121,87.6
315.4823121,87.6
315.4823121,87.6
315.4823121,87.6
315.4823121,87.6
315.4823121,87.6
315.4823121,87.6
315.4823121,87.6
315.4823121,87.6
315.4823121,87.6
315.4823121,87.6
315.4823121,87.6
315.4823121,87.6
315.4823121,87.6
315.4823121,87.6
315.4823121,87.6
315.4823121,87.6
315.4823121,87.6
315.4823121,87.6
315.4823121,87.6
315.4823121,87.6
315.4823121,87.6
315.4823121,87.6
315.4823121,87.6
315.4823121,87.6
315.4823121,87.6
315.4823121,87.6
315.4823121,87.6
315.4823121,87.6
315.4823121,87.6
315.4823121,87.6
315.4823121,87.6
315.4823121,87.6
315.4823121,87.6
315.4823121,87.6
315.4823121,87.6
315.4823121,87.6
315.4823121,87.6
315.4823121,87.6
315.4823121,87.6
315.4823121,87.6
315.4823121,87.6
315.4823121,87.6
315.4823121,87.6
315.4823121,87.6
315.4823121,87.6
315.4823121,87.6
315.4823121,87.6
315.4823121,87.6
315.4823121,87.6
315.4823121,87.6
315.4823121,87.6
315.4823121,87.6
315.4823121,87.6
315.4823121,87.6
315.4823121,87.6
315.4823121,87.6
315.4823121,87.6
315.4823121,87.6
315.4823121,87.6
315.4823121,87.6
315.4823121,87.6
315.4823121,87.6
315.4823121,87.6
315.4823121,87.6
315.4823121,87.6
315.4823121,87.6
315.4823121,87.6
315.4823121,87.6
315.4823121,87.6
315.4823121,87.6
315.4823121,87.6
315.4823121,87.6
315.4823121,87.6
315.4823121,87.6
315.4823121,87.6
315.4823121,87.6
315.4823121,87.6
315.4823121,87.6
315.4823121,87.6
315.4823121,87.6
315.4823121,87.6
315.4823121,87.6
315.4823121,87.6
315.4823121,87.6
315.4823121,92.84
253.09438,92.84
315.8988883,92.84
342.8174971,92.84
262.0587624,92.84
315.7690014,92.84
309.5741436,92.84
345.5318195,92.84
273.3379266,92.84
245.1383011,92.84
373.5644263,92.84
342.5724153,92.84
391.3410321,92.84
412.8318078,92.84
244.5655178,92.84
246.3901232,92.84
376.2696677,92.84
333.9185497,92.84
233.7165473,92.84
241.5509024,92.84
324.571506,92.84
379.9005954,92.84
403.6295415,92.84
391.438725,92.84
367.7140569,92.84
320.4656623,92.84
384.5737224,92.84
379.3782119,92.84
337.3980346,92.84
333.542656,92.84
323.9831279,92.84
337.0279523,92.84
310.6446969,92.84
266.6518214,92.84
323.3282291,92.84
375.0441714,92.84
345.9789102,92.84
316.0223448,92.84
359.5214259,92.84
303.1288718,92.84
374.95942,92.84
378.1569752,92.84
229.9161146,92.84
286.9121013,92.84
343.1303404,92.84
264.8097452,92.84
211.2950817,92.84
208.636987,92.84
263.7148237,92.84
385.8649624,92.84
329.4519002,92.84
224.1882134,92.84
214.1396241,92.84
240.7396109,92.84
334.9085181,92.84
431.9573342,92.84
391.4201119,92.84
420.1027441,92.84
372.8483021,92.84
360.1752245,92.84
374.8874224,92.84
365.7559185,92.84
334.3055402,92.84
220.0801605,92.84
230.3336484,92.84
208.0477957,92.84
275.071076,92.84
368.4952076,92.84
289.7497528,92.84
265.9399315,92.84
272.1684447,92.84
290.4562838,92.84
205.1674195,92.84
202.6313752,92.84
303.7001421,92.84
220.9217082,92.84
190.7368453,92.84
266.2257467,92.84
312.8698203,92.84
175.0372558,92.84
205.7335817,92.84
202.3164378,92.84
244.4950886,92.84
306.9340232,92.84
344.6270543,92.84
282.7611561,92.84
207.7317944,92.84
222.9066983,92.84
204.9221496,92.84
244.1668032,92.84
345.2170583,92.84
222.6181819,92.84
339.8490126,92.84
215.5197343,92.84
319.5043216,92.84
301.2378129,92.84
231.606357,92.84
233.2386049,92.84
303.7400519,92.84
186.358466,92.84
204.5597202,92.84
294.6157949,92.84
256.9936935,92.84
286.3462731,92.84
259.3115112,92.84
278.3232799,92.84
303.0920444,92.84
356.2445485,92.84
291.6171076,92.84
230.873707,92.84
255.58945,92.84
248.1848811,92.84
240.4366205,92.84
230.9270919,92.84
277.5957528,92.84
262.8140097,92.84
310.9131848,92.84
254.8650142,92.84
225.9414047,92.84
229.6154098,92.84
303.6144428,92.84
267.706648,92.84
248.6631173,92.84
314.2180414,92.84
285.3884798,92.84
300.4722918,92.84
343.8452193,92.84
293.9683228,92.84
262.5365914,92.84
265.5082627,92.84
266.2378133,92.84
278.9626025,92.84
267.348104,92.84
316.7924325,92.84
323.798115,92.84
286.1187781,92.84
319.5815374,92.84
266.1299588,92.84
286.4716118,92.84
275.3054636,92.84
277.3182162,92.84
260.3734306,92.84
287.700315,92.84
293.7574214,92.84
284.4984244,92.84
263.2439503,92.84
327.115335,92.84
290.6739526,92.84
235.6901639,92.84
222.6630194,92.84
237.877582,92.84
264.7848691,92.84
307.8132443,92.84
376.5280291,92.84
360.1061445,92.84
345.8272201,92.84
275.5516853,92.84
308.0947016,92.84
333.1972826,92.84
325.4823363,92.84
363.1959266,92.84
344.8535406,92.84
308.9594737,92.84
277.1657586,92.84
270.3556964,92.84
266.012942,92.84
271.0476043,92.84
301.2522246,92.84
327.5510544,92.84
334.2252758,92.84
315.9904054,92.84
320.9535307,92.84
340.3333286,92.84
365.3659938,92.84
352.356264,92.84
316.7533776,92.84
318.2718255,92.84
325.3637462,92.84
363.5104711,92.84
381.3451503,92.84
387.4505365,92.84
352.3606513,92.84
341.6080294,92.84
338.9614847,92.84
323.6204055,92.84
299.7216498,92.84
313.0827802,92.84
328.0542997,92.84
341.9016913,92.84
362.2851521,92.84
392.4291583,92.84
400.5255767,92.84
389.1669259,92.84
371.8271814,92.84
402.3583869,92.84
362.4084082,92.84
375.7786113,92.84
352.2483762,92.84
349.1592909,92.84
357.6630651,92.84
321.2990986,92.84
347.5975834,92.84
362.6613552,92.84
338.9293076,92.84
305.2312485,92.84
318.0292349,92.84
317.184633,92.84
318.1572662,92.84
326.1166435,92.84
331.5942549,92.84
345.036683,92.84
345.2191976,92.84
322.291546,92.84
328.3520665,92.84
304.9791701,92.84
307.5336909,92.84
335.5195254,92.84
347.6652591,92.84
321.0978255,92.84
329.362037,92.84
359.676084,92.84
380.2741414,92.84
391.6960566,92.84
396.9220874,92.84
389.8011118,92.84
393.4539731,92.84
364.0009154,92.84
338.3649271,92.84
383.1515717,92.84
383.743749,92.84
388.5543648,92.84
380.5634764,92.84
349.2326093,92.84
370.3054207,92.84
366.914428,92.84
399.4353611,92.84
398.8130312,92.84
410.9179506,92.84
394.7457328,92.84
341.8204333,92.84
322.8205806,92.84
353.282336,92.84
401.3210141,92.84
424.5415747,92.84
410.3980579,92.84
389.5931604,92.84
399.9899908,92.84
389.0659223,92.84
379.8952847,92.84
404.0714304,92.84
401.884873,92.84
418.5083226,92.84
381.8193962,92.84
369.8688794,92.84
378.5635467,92.84
392.4945707,92.84
338.258559,92.84
305.521239,92.84
308.2202585,92.84
305.2276406,92.84
290.5152162,92.84
313.230165,92.84
340.8903109,92.84
345.1562516,92.84
353.5751826,92.84
378.4067735,92.84
355.2373905,92.84
340.6439297,92.84
356.1178208,92.84
356.1053453,92.84
337.7195999,92.84
341.1201524,92.84
344.4731953,92.84
329.4066046,92.84
315.8264353,92.84
346.5919273,92.84
356.9316037,92.84
352.963126,92.84
365.8707351,92.84
397.4377791,92.84
373.7157615,92.84
384.268811,92.84
398.0333714,92.84
363.6704249,92.84
300.509487,92.84
344.4528464,92.84
391.9974656,92.84
335.196398,92.84
304.522177,92.84
332.3083766,92.84
332.8942132,92.84
372.6899058,92.84
347.0969104,92.84
311.8950816,92.84
241.8284437,92.84
198.1230567,92.84
202.8869459,92.84
272.2069491,92.84
318.1914525,92.84
291.9337564,92.84
245.3505126,92.84
292.2920094,92.84
369.5131105,92.84
416.5245722,92.84
384.9952153,92.84
309.2631495,92.84
272.6839377,92.84
248.3089378,92.84
253.7292266,92.84
271.825058,92.84
295.3370351,92.84
365.3103737,92.84
285.3389778,92.84
266.2165006,92.84
319.2883084,92.84
275.9676867,92.84
339.092089,92.84
245.829355,92.84
295.0289956,92.84
363.3370235,92.84
402.6668842,92.84
341.6051223,92.84
318.74542,92.84
378.7595971,92.84
387.9167617,92.84
374.7105392,92.84
348.0155661,92.84
325.3880958,92.84
311.0154159,92.84
259.746008,92.84
317.0392388,92.84
339.37136,92.84
262.7550448,92.84
235.0547168,92.84
312.6969721,92.84
315.4823121,92.84
315.4823121,92.84
315.4823121,92.84
315.4823121,92.84
315.4823121,92.84
315.4823121,92.84
315.4823121,92.84
315.4823121,92.84
315.4823121,92.84
315.4823121,92.84
315.4823121,92.84
315.4823121,92.84
315.4823121,92.84
315.4823121,92.84
315.4823121,92.84
315.4823121,92.84
315.4823121,92.84
315.4823121,92.84
315.4823121,92.84
315.4823121,92.84
315.4823121,92.84
315.4823121,92.84
315.4823121,92.84
315.4823121,92.84
315.4823121,92.84
315.4823121,92.84
315.4823121,92.84
315.4823121,92.84
315.4823121,92.84
315.4823121,92.84
315.4823121,99.99
211.6295755,99.99
191.5715338,99.99
251.6219375,99.99
271.647226,99.99
326.1849818,99.99
177.1436818,99.99
283.3092762,99.99
300.6282707,99.99
265.2269814,99.99
203.0994435,99.99
174.8013419,99.99
208.384295,99.99
314.6695791,99.99
187.8552383,99.99
132.9232235,99.99
227.9166521,99.99
300.0447848,99.99
196.0403595,99.99
285.5667758,99.99
212.5271726,99.99
240.2166095,99.99
289.1948938,99.99
223.3004857,99.99
293.760409,99.99
293.0024811,99.99
338.7039366,99.99
244.238688,99.99
211.3234892,99.99
281.9778627,99.99
383.297945,99.99
416.7743038,99.99
444.0447004,99.99
408.463253,99.99
337.9944611,99.99
228.3167482,99.99
261.1676173,99.99
175.4464341,99.99
202.3190067,99.99
274.4514105,99.99
249.149399,99.99
233.0659652,99.99
326.9317604,99.99
219.6335534,99.99
239.9710794,99.99
182.3356996,99.99
200.6655009,99.99
194.0505492,99.99
308.3832611,99.99
238.2708574,99.99
223.0491394,99.99
196.71231,99.99
204.9396262,99.99
202.1393455,99.99
242.1533854,99.99
324.0095775,99.99
368.2985968,99.99
209.8519592,99.99
220.6197669,99.99
250.2105355,99.99
306.9468876,99.99
259.600633,99.99
232.4159589,99.99
247.0484227,99.99
172.1756206,99.99
262.8191704,99.99
292.472634,99.99
304.6555056,99.99
331.3422147,99.99
297.8182031,99.99
199.2331489,99.99
221.14126,99.99
239.3767203,99.99
257.3432925,99.99
165.1283638,99.99
179.8799633,99.99
236.1365028,99.99
343.5857705,99.99
321.3772991,99.99
240.7783133,99.99
207.9786933,99.99
201.9516136,99.99
254.3898416,99.99
257.6684462,99.99
240.8643401,99.99
294.2647948,99.99
318.458235,99.99
242.3632382,99.99
289.6339006,99.99
197.2233231,99.99
226.6186848,99.99
297.513936,99.99
211.5449531,99.99
245.4638771,99.99
230.1279953,99.99
260.6027628,99.99
254.0938069,99.99
323.6088412,99.99
361.6255818,99.99
300.4199468,99.99
339.1434871,99.99
301.1135517,99.99
253.5519177,99.99
226.5187991,99.99
230.6279993,99.99
263.0983834,99.99
287.669885,99.99
184.7541269,99.99
190.8749397,99.99
204.3525486,99.99
276.5102985,99.99
313.3956635,99.99
196.8723505,99.99
289.3704755,99.99
332.9720534,99.99
287.5296505,99.99
293.8768182,99.99
313.4026566,99.99
216.7565584,99.99
216.7748248,99.99
257.0688566,99.99
272.2466493,99.99
308.4996242,99.99
338.5555427,99.99
316.8616201,99.99
304.704092,99.99
284.4969565,99.99
260.7846235,99.99
305.7493691,99.99
293.5876268,99.99
288.072541,99.99
294.4202335,99.99
300.5081689,99.99
347.4798352,99.99
400.604304,99.99
378.8551186,99.99
406.0926047,99.99
373.5489608,99.99
342.3492539,99.99
322.745401,99.99
356.1268529,99.99
380.0307348,99.99
351.0332238,99.99
336.0261088,99.99
350.3820156,99.99
330.7735644,99.99
318.3761095,99.99
302.2218998,99.99
309.4554324,99.99
359.3174673,99.99
330.8746474,99.99
291.2409747,99.99
289.1401926,99.99
297.1404694,99.99
375.6985289,99.99
356.6711572,99.99
388.2073311,99.99
390.9890318,99.99
381.5834379,99.99
374.7359953,99.99
357.2645575,99.99
319.185589,99.99
325.4902987,99.99
311.4576794,99.99
369.2061455,99.99
375.7345614,99.99
323.891848,99.99
362.9310314,99.99
354.6153026,99.99
352.5409241,99.99
331.579259,99.99
351.3145431,99.99
351.2512152,99.99
320.0564596,99.99
300.4738002,99.99
297.1818345,99.99
314.9026502,99.99
347.869726,99.99
313.3355239,99.99
280.1983755,99.99
285.6711544,99.99
299.3362587,99.99
315.4823121,99.99
315.4823121,99.99
315.4823121,99.99
315.4823121,99.99
315.4823121,99.99
315.4823121,99.99
315.4823121,99.99
315.4823121,99.99
315.4823121,99.99
315.4823121,99.99
315.4823121,99.99
315.4823121,99.99
315.4823121,99.99
315.4823121,99.99
315.4823121,99.99
315.4823121,99.99
315.4823121,99.99
315.4823121,99.99
315.4823121,99.99
315.4823121,99.99
315.4823121,99.99
315.4823121,99.99
315.4823121,99.99
315.4823121,99.99
315.4823121,99.99
315.4823121,99.99
315.4823121,99.99
315.4823121,99.99
315.4823121,99.99
315.4823121,99.99
315.4823121,99.99
315.4823121,99.99
315.4823121,99.99
315.4823121,99.99
315.4823121,99.99
315.4823121,99.99
315.4823121,99.99
315.4823121,99.99
315.4823121,99.99
315.4823121,99.99
315.4823121,99.99
315.4823121,99.99
315.4823121,99.99
315.4823121,99.99
315.4823121,99.99
315.4823121,99.99
315.4823121,99.99
315.4823121,99.99
315.4823121,99.99
315.4823121,99.99
315.4823121,99.99
315.4823121,99.99
315.4823121,99.99
315.4823121,99.99
315.4823121,99.99
315.4823121,99.99
315.4823121,99.99
315.4823121,99.99
315.4823121,99.99
315.4823121,99.99
315.4823121,99.99
315.4823121,99.99
315.4823121,99.99
315.4823121,99.99
315.4823121,99.99
315.4823121,99.99
315.4823121,99.99
315.4823121,99.99
315.4823121,99.99
315.4823121,99.99
315.4823121,99.99
315.4823121,99.99
315.4823121,99.99
315.4823121,99.99
315.4823121,99.99
315.4823121,99.99
315.4823121,99.99
315.4823121,99.99
315.4823121,99.99
315.4823121,99.99
315.4823121,99.99
315.4823121,99.99
315.4823121,99.99
315.4823121,99.99
315.4823121,99.99
315.4823121,99.99
315.4823121,99.99
315.4823121,99.99
315.4823121,99.99
315.4823121,99.99
315.4823121,99.99
315.4823121,99.99
315.4823121,99.99
315.4823121,99.99
315.4823121,99.99
315.4823121,99.99
315.4823121,99.99
315.4823121,99.99
315.4823121,99.99
315.4823121,99.99
315.4823121,99.99
315.4823121,99.99
315.4823121,99.99
315.4823121,99.99
315.4823121,99.99
315.4823121,99.99
315.4823121,99.99
315.4823121,99.99
315.4823121,99.99
315.4823121,99.99
315.4823121,99.99
315.4823121,99.99
315.4823121,99.99
315.4823121,99.99
315.4823121,99.99
315.4823121,99.99
315.4823121,99.99
315.4823121,99.99
315.4823121,99.99
315.4823121,99.99
315.4823121,99.99
315.4823121,99.99
315.4823121,99.99
315.4823121,99.99
315.4823121,99.99
315.4823121,99.99
315.4823121,99.99
315.4823121,99.99
315.4823121,99.99
315.4823121,99.99
315.4823121,99.99
315.4823121,99.99
315.4823121,99.99
315.4823121,99.99
315.4823121,99.99
315.4823121,99.99
315.4823121,99.99
315.4823121,99.99
315.4823121,99.99
315.4823121,99.99
315.4823121,99.99
315.4823121,99.99
315.4823121,99.99
315.4823121,99.99
315.4823121,99.99
315.4823121,99.99
315.4823121,99.99
315.4823121,99.99
315.4823121,99.99
315.4823121,99.99
315.4823121,99.99
315.4823121,99.99
315.4823121,99.99
315.4823121,99.99
315.4823121,99.99
315.4823121,99.99
315.4823121,99.99
315.4823121,99.99
315.4823121,99.99
315.4823121,99.99
315.4823121,99.99
315.4823121,99.99
315.4823121,99.99
315.4823121,99.99
315.4823121,99.99
315.4823121,99.99
315.4823121,99.99
315.4823121,99.99
315.4823121,99.99
315.4823121,99.99
315.4823121,99.99
315.4823121,99.99
315.4823121,99.99
315.4823121,99.99
315.4823121,99.99
315.4823121,99.99
315.4823121,99.99
315.4823121,99.99
315.4823121,99.99
315.4823121,99.99
315.4823121,99.99
315.4823121,99.99
315.4823121,99.99
315.4823121,112.23
358.4783865,112.23
397.4369643,112.23
371.5875884,112.23
306.891507,112.23
286.9715062,112.23
374.5743088,112.23
251.3816786,112.23
208.0479836,112.23
260.8794216,112.23
254.3044879,112.23
224.0215955,112.23
269.1839777,112.23
272.1685572,112.23
377.329681,112.23
386.2466809,112.23
385.2478151,112.23
304.4486747,112.23
302.1393251,112.23
276.5668431,112.23
361.8584533,112.23
336.8637519,112.23
409.5141843,112.23
417.7196692,112.23
412.8339344,112.23
374.5820876,112.23
354.6219765,112.23
285.7022205,112.23
364.731853,112.23
325.3999025,112.23
361.7097154,112.23
313.0390019,112.23
207.9510968,112.23
193.9832752,112.23
203.7204192,112.23
164.6472534,112.23
271.0867438,112.23
293.4860776,112.23
196.6116733,112.23
236.0189277,112.23
282.1467506,112.23
285.0411659,112.23
216.6729882,112.23
285.3250925,112.23
267.8680091,112.23
191.7457641,112.23
280.3175698,112.23
207.3818982,112.23
228.9500397,112.23
283.4071013,112.23
241.9707444,112.23
203.2337723,112.23
154.4228077,112.23
197.7488228,112.23
284.3724882,112.23
195.5878778,112.23
177.0919212,112.23
191.6478724,112.23
190.805952,112.23
236.1412515,112.23
233.6978027,112.23
181.1226053,112.23
173.7254534,112.23
275.5628782,112.23
305.1344652,112.23
298.6402435,112.23
259.2433889,112.23
204.0073566,112.23
236.8633821,112.23
281.4894085,112.23
192.6346101,112.23
174.9889772,112.23
187.6265747,112.23
279.1467353,112.23
221.2495998,112.23
357.9980585,112.23
327.3162595,112.23
309.7498474,112.23
276.0187123,112.23
291.2089115,112.23
353.0753015,112.23
284.8794289,112.23
232.4388586,112.23
155.9201825,112.23
206.6486504,112.23
304.7902776,112.23
265.0983887,112.23
248.8933558,112.23
139.2127728,112.23
221.2973434,112.23
209.9172831,112.23
230.4347934,112.23
199.7018527,112.23
278.0312541,112.23
265.1271811,112.23
158.0470305,112.23
165.3176192,112.23
247.0658083,112.23
290.6442856,112.23
264.52243,112.23
226.3375614,112.23
274.4010869,112.23
181.2643911,112.23
166.5321712,112.23
227.5812166,112.23
219.198151,112.23
291.3031024,112.23
319.4449165,112.23
252.9596497,112.23
320.827042,112.23
276.1585289,112.23
286.4508014,112.23
240.1875145,112.23
228.1465161,112.23
283.0717655,112.23
216.7962703,112.23
228.4822423,112.23
201.8866702,112.23
324.6529376,112.23
318.1622423,112.23
230.4445907,112.23
234.0190858,112.23
297.3186116,112.23
293.2923933,112.23
257.9873852,112.23
316.4593403,112.23
234.090202,112.23
305.9082215,112.23
309.4047971,112.23
311.1621883,112.23
312.3916295,112.23
331.650279,112.23
350.1863261,112.23
342.3705238,112.23
323.0563252,112.23
233.3698156,112.23
318.0264084,112.23
351.6700348,112.23
288.3983933,112.23
236.9111599,112.23
254.597324,112.23
291.4652159,112.23
289.5369148,112.23
280.0965238,112.23
285.2175252,112.23
254.9875834,112.23
281.5479782,112.23
334.4225757,112.23
244.3576307,112.23
299.1007381,112.23
275.4271094,112.23
289.8165925,112.23
288.3504959,112.23
249.1628313,112.23
255.0768676,112.23
269.6326055,112.23
303.856533,112.23
296.8774385,112.23
278.6700088,112.23
252.7467045,112.23
296.2381677,112.23
357.2302186,112.23
360.5052137,112.23
360.2699115,112.23
312.7003964,112.23
308.9719085,112.23
281.9937218,112.23
241.0792074,112.23
242.0423125,112.23
240.7760924,112.23
274.5701126,112.23
331.2978573,112.23
313.0877299,112.23
293.9005932,112.23
312.344484,112.23
314.1139799,112.23
297.4642959,112.23
321.6499431,112.23
346.4553261,112.23
278.2385781,112.23
281.957655,112.23
303.311715,112.23
296.2275424,112.23
281.4659582,112.23
296.5467179,112.23
297.5978694,112.23
317.7165327,112.23
359.0055645,112.23
303.8443081,112.23
317.6437375,112.23
355.7397569,112.23
357.5958551,112.23
336.2400354,112.23
308.9257502,112.23
288.4357743,112.23
287.1498195,112.23
297.0834503,112.23
306.0505795,112.23
357.3283914,112.23
367.7650656,112.23
365.8409373,112.23
325.6171599,112.23
349.478413,112.23
392.3108925,112.23
390.6586051,112.23
386.3706702,112.23
385.6261631,112.23
363.6924979,112.23
321.6661193,112.23
255.4672884,112.23
265.4001453,112.23
265.7167186,112.23
260.0573698,112.23
300.7307703,112.23
354.3585349,112.23
363.1054183,112.23
373.3195973,112.23
364.2058989,112.23
361.1678975,112.23
355.3253768,112.23
339.9224913,112.23
338.9777409,112.23
350.2938482,112.23
290.9945759,112.23
297.2490571,112.23
299.9524112,112.23
295.032644,112.23
309.8274777,112.23
321.4169443,112.23
343.1618426,112.23
342.2920363,112.23
344.2232982,112.23
338.9345554,112.23
331.9651744,112.23
316.1783569,112.23
312.5461346,112.23
306.3814988,112.23
318.788324,112.23
357.2772266,112.23
369.8275167,112.23
344.8611972,112.23
345.4934577,112.23
355.8052813,112.23
381.9102857,112.23
371.1520456,112.23
364.5775092,112.23
374.4193595,112.23
398.3677306,112.23
376.4573341,112.23
310.6288672,112.23
290.551369,112.23
288.0542262,112.23
303.866988,112.23
311.130246,112.23
345.2188178,112.23
315.8628408,112.23
274.0000484,112.23
308.1754591,112.23
350.9794513,112.23
351.5654717,112.23
312.606714,112.23
287.1878097,112.23
306.5526388,112.23
313.5443714,112.23
285.3557147,112.23
311.6488,112.23
398.0301129,112.23
382.4023969,112.23
354.934331,112.23
363.8620531,112.23
375.4369307,112.23
357.0390285,112.23
370.8071104,112.23
368.6505795,112.23
315.4823121,112.23
315.4823121,112.23
315.4823121,112.23
315.4823121,112.23
315.4823121,112.23
315.4823121,112.23
315.4823121,112.23
315.4823121,112.23
315.4823121,112.23
315.4823121,112.23
315.4823121,112.23
315.4823121,112.23
315.4823121,112.23
315.4823121,112.23
315.4823121,112.23
315.4823121,112.23
315.4823121,112.23
315.4823121,112.23
315.4823121,112.23
315.4823121,112.23
315.4823121,112.23
315.4823121,112.23
315.4823121,112.23
315.4823121,112.23
315.4823121,112.23
315.4823121,112.23
315.4823121,112.23
315.4823121,112.23
315.4823121,112.23
315.4823121,112.23
315.4823121,112.23
315.4823121,112.23
315.4823121,112.23
315.4823121,112.23
315.4823121,112.23
315.4823121,112.23
315.4823121,112.23
315.4823121,112.23
315.4823121,112.23
315.4823121,112.23
315.4823121,112.23
315.4823121,112.23
315.4823121,112.23
315.4823121,112.23
315.4823121,112.23
315.4823121,112.23
315.4823121,112.23
315.4823121,112.23
315.4823121,112.23
315.4823121,112.23
315.4823121,112.23
315.4823121,112.23
315.4823121,112.23
315.4823121,112.23
315.4823121,112.23
315.4823121,112.23
315.4823121,112.23
315.4823121,112.23
315.4823121,112.23
315.4823121,112.23
315.4823121,112.23
315.4823121,112.23
315.4823121,112.23
315.4823121,112.23
315.4823121,112.23
315.4823121,112.23
315.4823121,112.23
315.4823121,112.23
315.4823121,112.23
315.4823121,112.23
315.4823121,112.23
315.4823121,112.23
315.4823121,112.23
315.4823121,112.23
315.4823121,112.23
315.4823121,112.23
315.4823121,112.23
315.4823121,112.23
315.4823121,112.23
315.4823121,112.23
315.4823121,112.23
315.4823121,112.23
315.4823121,112.23
315.4823121,112.23
315.4823121,112.23
315.4823121,112.23
315.4823121,112.23
315.4823121,112.23
315.4823121,112.23
315.4823121,112.23
315.4823121,112.23
315.4823121,112.23
